{"type": "metrics", "dataset": "train", "precision": 0.999575821845175, "balanced_accuracy": 0.998668536842064, "recall": 0.9974603174603175, "f1_score": 0.9985169491525424}
{"type": "metrics", "dataset": "test", "precision": 0.6594156928213689, "balanced_accuracy": 0.674401968142452, "recall": 0.40818467995802726, "f1_score": 0.5012886597938144}
{"type": "cm_matrix", "dataset": "train", "true_0": {"predicted_0": 16226, "predicted_1": 2}, "true_1": {"predicted_0": 12, "predicted_1": 4713}}
{"type": "cm_matrix", "dataset": "test", "true_0": {"predicted_0": 6753, "predicted_1": 420}, "true_1": {"predicted_0": 1128, "predicted_1": 778}}
